"X,Y,fid,id,left,top,right,bottom,row_index,col_index,lon,lat"
"99.0607600548416,18.7738372208949,1,7,506229.5313,2075917.75,506429.5313,2075717.75,6,0,99.0607600548416,18.7738372208949"
"99.0608542954045,18.7723071920779,2,8,506229.5313,2075717.75,506429.5313,2075517.75,7,0,99.0608542954045,18.7723071920779"
"99.0609610161271,18.7709702311566,3,9,506229.5313,2075517.75,506429.5313,2075317.75,8,0,99.0609610161271,18.7709702311566"
"99.0607214702461,18.7500869834471,4,20,506229.5313,2073317.75,506429.5313,2073117.75,19,0,99.0607214702461,18.7500869834471"
"99.0603197055536,18.7485425822008,5,21,506229.5313,2073117.75,506429.5313,2072917.75,20,0,99.0603197055536,18.7485425822008"
"99.0604745650449,18.7469225962378,6,22,506229.5313,2072917.75,506429.5313,2072717.75,21,0,99.0604745650449,18.7469225962378"
"99.0605230875234,18.7453537698578,7,23,506229.5313,2072717.75,506429.5313,2072517.75,22,0,99.0605230875234,18.7453537698578"
"99.0628927486727,18.7766805046143,8,36,506429.5313,2076317.75,506629.5313,2076117.75,4,1,99.0628927486727,18.7766805046143"
"99.0622899626299,18.7754751712724,9,37,506429.5313,2076117.75,506629.5313,2075917.75,5,1,99.0622899626299,18.7754751712724"
"99.0619555824142,18.773956769015,10,38,506429.5313,2075917.75,506629.5313,2075717.75,6,1,99.0619555824142,18.773956769015"
"99.0619545179382,18.7721495736351,11,39,506429.5313,2075717.75,506629.5313,2075517.75,7,1,99.0619545179382,18.7721495736351"
"99.0619744478403,18.7703552394417,12,40,506429.5313,2075517.75,506629.5313,2075317.75,8,1,99.0619744478403,18.7703552394417"
"99.0621020568089,18.7685617293043,13,41,506429.5313,2075317.75,506629.5313,2075117.75,9,1,99.0621020568089,18.7685617293043"
"99.06229207089,18.7669338027134,14,42,506429.5313,2075117.75,506629.5313,2074917.75,10,1,99.06229207089,18.7669338027134"
"99.0627190155116,18.7642349543598,15,43,506429.5313,2074917.75,506629.5313,2074717.75,11,1,99.0627190155116,18.7642349543598"
"99.0628947265734,18.7658184326931,16,43,506429.5313,2074917.75,506629.5313,2074717.75,11,1,99.0628947265734,18.7658184326931"
"99.0624341770385,18.7631815923062,17,44,506429.5313,2074717.75,506629.5313,2074517.75,12,1,99.0624341770385,18.7631815923062"
"99.0628502630614,18.7621693274105,18,45,506429.5313,2074517.75,506629.5313,2074317.75,13,1,99.0628502630614,18.7621693274105"
"99.0626138216005,18.7537138668445,19,49,506429.5313,2073717.75,506629.5313,2073517.75,17,1,99.0626138216005,18.7537138668445"
"99.0622092350632,18.7521587231644,20,50,506429.5313,2073517.75,506629.5313,2073317.75,18,1,99.0622092350632,18.7521587231644"
"99.0619497195627,18.7504557320043,21,51,506429.5313,2073317.75,506629.5313,2073117.75,19,1,99.0619497195627,18.7504557320043"
"99.0619459399414,18.748650999514,22,52,506429.5313,2073117.75,506629.5313,2072917.75,20,1,99.0619459399414,18.748650999514"
"99.0619452806229,18.7468434144467,23,53,506429.5313,2072917.75,506629.5313,2072717.75,21,1,99.0619452806229,18.7468434144467"
"99.0619622338617,18.7450534329745,24,54,506429.5313,2072717.75,506629.5313,2072517.75,22,1,99.0619622338617,18.7450534329745"
"99.0624133258358,18.7437936395145,25,55,506429.5313,2072517.75,506629.5313,2072317.75,23,1,99.0624133258358,18.7437936395145"
"99.0647607004266,18.7785179389264,26,66,506629.5313,2076517.75,506829.5313,2076317.75,3,2,99.0647607004266,18.7785179389264"
"99.0641559353876,18.7773080024419,27,67,506629.5313,2076317.75,506829.5313,2076117.75,4,2,99.0641559353876,18.7773080024419"
"99.0638535495727,18.7757640948962,28,68,506629.5313,2076117.75,506829.5313,2075917.75,5,2,99.0638535495727,18.7757640948962"
"99.0638528688944,18.7739565151303,29,69,506629.5313,2075917.75,506829.5313,2075717.75,6,2,99.0638528688944,18.7739565151303"
"99.0638521882938,18.7721489350153,30,70,506629.5313,2075717.75,506829.5313,2075517.75,7,2,99.0638521882938,18.7721489350153"
"99.0638515077708,18.770341354551,31,71,506629.5313,2075517.75,506829.5313,2075317.75,8,2,99.0638515077708,18.770341354551"
"99.0638508273256,18.7685337737375,32,72,506629.5313,2075317.75,506829.5313,2075117.75,9,2,99.0638508273256,18.7685337737375"
"99.0638501469579,18.7667261925749,33,73,506629.5313,2075117.75,506829.5313,2074917.75,10,2,99.0638501469579,18.7667261925749"
"99.0639319132479,18.7648772039896,34,74,506629.5313,2074917.75,506829.5313,2074717.75,11,2,99.0639319132479,18.7648772039896"
"99.0638487864557,18.7631110292024,35,75,506629.5313,2074717.75,506829.5313,2074517.75,12,2,99.0638487864557,18.7631110292024"
"99.0641217873448,18.7616764690136,36,76,506629.5313,2074517.75,506829.5313,2074317.75,13,2,99.0641217873448,18.7616764690136"
"99.064506253998,18.7573407294582,37,78,506629.5313,2074117.75,506829.5313,2073917.75,15,2,99.064506253998,18.7573407294582"
"99.0640988333459,18.7557747976729,38,79,506629.5313,2073917.75,506829.5313,2073717.75,16,2,99.0640988333459,18.7557747976729"
"99.0638475258859,18.7540711439736,39,80,506629.5313,2073717.75,506829.5313,2073517.75,17,2,99.0638475258859,18.7540711439736"
"99.0638447068127,18.7522655307079,40,81,506629.5313,2073517.75,506829.5313,2073317.75,18,2,99.0638447068127,18.7522655307079"
"99.063844027144,18.7504579464042,41,82,506629.5313,2073317.75,506829.5313,2073117.75,19,2,99.063844027144,18.7504579464042"
"99.0638433475529,18.7486503617516,42,83,506629.5313,2073117.75,506829.5313,2072917.75,20,2,99.0638433475529,18.7486503617516"
"99.0638426680394,18.7468427767501,43,84,506629.5313,2072917.75,506829.5313,2072717.75,21,2,99.0638426680394,18.7468427767501"
"99.0638419886035,18.7450351913999,44,85,506629.5313,2072717.75,506829.5313,2072517.75,22,2,99.0638419886035,18.7450351913999"
"99.0639087247046,18.7432825642974,45,86,506629.5313,2072517.75,506829.5313,2072317.75,23,2,99.0639087247046,18.7432825642974"
"99.0643069844541,18.7415614006438,46,87,506629.5313,2072317.75,506829.5313,2072117.75,24,2,99.0643069844541,18.7415614006438"
"99.0646300128802,18.7401759888479,47,88,506629.5313,2072117.75,506829.5313,2071917.75,25,2,99.0646300128802,18.7401759888479"
"99.0659000974721,18.778730118874,48,97,506829.5313,2076517.75,507029.5313,2076317.75,3,3,99.0659000974721,18.778730118874"
"99.0657519612952,18.7775710162231,49,98,506829.5313,2076317.75,507029.5313,2076117.75,4,3,99.0657519612952,18.7775710162231"
"99.0657512603074,18.7757634368745,50,99,506829.5313,2076117.75,507029.5313,2075917.75,5,3,99.0657512603074,18.7757634368745"
"99.0657505593995,18.7739558571767,51,100,506829.5313,2075917.75,507029.5313,2075717.75,6,3,99.0657505593995,18.7739558571767"
"99.0657498585716,18.7721482771296,52,101,506829.5313,2075717.75,507029.5313,2075517.75,7,3,99.0657498585716,18.7721482771296"
"99.0657491578238,18.7703406967332,53,102,506829.5313,2075517.75,507029.5313,2075317.75,8,3,99.0657491578238,18.7703406967332"
"99.0657484571559,18.7685331159877,54,103,506829.5313,2075317.75,507029.5313,2075117.75,9,3,99.0657484571559,18.7685331159877"
"99.0657477565679,18.766725534893,55,104,506829.5313,2075117.75,507029.5313,2074917.75,10,3,99.0657477565679,18.766725534893"
"99.06574705606,18.7649179534493,56,105,506829.5313,2074917.75,507029.5313,2074717.75,11,3,99.06574705606,18.7649179534493"
"99.065746355632,18.7631103716564,57,106,506829.5313,2074717.75,507029.5313,2074517.75,12,3,99.065746355632,18.7631103716564"
"99.0657537374196,18.761310644963,58,107,506829.5313,2074517.75,507029.5313,2074317.75,13,3,99.0657537374196,18.761310644963"
"99.0659612245443,18.7594394265496,59,108,506829.5313,2074317.75,507029.5313,2074117.75,14,3,99.0659612245443,18.7594394265496"
"99.0657455938149,18.7576863814185,60,109,506829.5313,2074117.75,507029.5313,2073917.75,15,3,99.0657455938149,18.7576863814185"
"99.0657435547198,18.7558800409944,61,110,506829.5313,2073917.75,507029.5313,2073717.75,16,3,99.0657435547198,18.7558800409944"
"99.0657428546916,18.7540724574564,62,111,506829.5313,2073717.75,507029.5313,2073517.75,17,3,99.0657428546916,18.7540724574564"
"99.0657421547433,18.7522648735695,63,112,506829.5313,2073517.75,507029.5313,2073317.75,18,3,99.0657421547433,18.7522648735695"
"99.065741454875,18.7504572893337,64,113,506829.5313,2073317.75,507029.5313,2073117.75,19,3,99.065741454875,18.7504572893337"
"99.0657407550867,18.7486497047491,65,114,506829.5313,2073117.75,507029.5313,2072917.75,20,3,99.0657407550867,18.7486497047491"
"99.0657400553783,18.7468421198156,66,115,506829.5313,2072917.75,507029.5313,2072717.75,21,3,99.0657400553783,18.7468421198156"
"99.0657393557498,18.7450345345333,67,116,506829.5313,2072717.75,507029.5313,2072517.75,22,3,99.0657393557498,18.7450345345333"
"99.0657386562012,18.7432269489022,68,117,506829.5313,2072517.75,507029.5313,2072317.75,23,3,99.0657386562012,18.7432269489022"
"99.0657379567326,18.7414193629223,69,118,506829.5313,2072317.75,507029.5313,2072117.75,24,3,99.0657379567326,18.7414193629223"
"99.0657737103106,18.7396400538819,70,119,506829.5313,2072117.75,507029.5313,2071917.75,25,3,99.0657737103106,18.7396400538819"
"99.066104831495,18.7379189360009,71,120,506829.5313,2071917.75,507029.5313,2071717.75,26,3,99.066104831495,18.7379189360009"
"99.0664563593406,18.7367362823756,72,121,506829.5313,2071717.75,507029.5313,2071517.75,27,3,99.0664563593406,18.7367362823756"
"99.0677217394145,18.7789224275845,73,128,507029.5313,2076517.75,507229.5313,2076317.75,3,4,99.0677217394145,18.7789224275845"
"99.0676496921817,18.7775703388617,74,129,507029.5313,2076317.75,507229.5313,2076117.75,4,4,99.0676496921817,18.7775703388617"
"99.067648970962,18.7757627595831,75,130,507029.5313,2076117.75,507229.5313,2075917.75,5,4,99.067648970962,18.7757627595831"
"99.0676482498246,18.7739551799551,76,131,507029.5313,2075917.75,507229.5313,2075717.75,6,4,99.0676482498246,18.7739551799551"
"99.0676475287695,18.772147599978,77,132,507029.5313,2075717.75,507229.5313,2075517.75,7,4,99.0676475287695,18.772147599978"
"99.0676468077967,18.7703400196516,78,133,507029.5313,2075517.75,507229.5313,2075317.75,8,4,99.0676468077967,18.7703400196516"
"99.0676460869062,18.768532438976,79,134,507029.5313,2075317.75,507229.5313,2075117.75,9,4,99.0676460869062,18.768532438976"
"99.067645366098,18.7667248579513,80,135,507029.5313,2075117.75,507229.5313,2074917.75,10,4,99.067645366098,18.7667248579513"
"99.067644645372,18.7649172765774,81,136,507029.5313,2074917.75,507229.5313,2074717.75,11,4,99.067644645372,18.7649172765774"
"99.0676439247283,18.7631096948544,82,137,507029.5313,2074717.75,507229.5313,2074517.75,12,4,99.0676439247283,18.7631096948544"
"99.067643204167,18.7613021127824,83,138,507029.5313,2074517.75,507229.5313,2074317.75,13,4,99.067643204167,18.7613021127824"
"99.0676424836878,18.7594945303613,84,139,507029.5313,2074317.75,507229.5313,2074117.75,14,4,99.0676424836878,18.7594945303613"
"99.067641763291,18.7576869475913,85,140,507029.5313,2074117.75,507229.5313,2073917.75,15,4,99.067641763291,18.7576869475913"
"99.0676410429764,18.7558793644722,86,141,507029.5313,2073917.75,507229.5313,2073717.75,16,4,99.0676410429764,18.7558793644722"
"99.0676403227441,18.7540717810041,87,142,507029.5313,2073717.75,507229.5313,2073517.75,17,4,99.0676403227441,18.7540717810041"
"99.067639602594,18.7522641971872,88,143,507029.5313,2073517.75,507229.5313,2073317.75,18,4,99.067639602594,18.7522641971872"
"99.0676388825262,18.7504566130213,89,144,507029.5313,2073317.75,507229.5313,2073117.75,19,4,99.0676388825262,18.7504566130213"
"99.0676381625406,18.7486490285066,90,145,507029.5313,2073117.75,507229.5313,2072917.75,20,4,99.0676381625406,18.7486490285066"
"99.0676374426372,18.746841443643,91,146,507029.5313,2072917.75,507229.5313,2072717.75,21,4,99.0676374426372,18.746841443643"
"99.0676367228161,18.7450338584306,92,147,507029.5313,2072717.75,507229.5313,2072517.75,22,4,99.0676367228161,18.7450338584306"
"99.0676360030773,18.7432262728694,93,148,507029.5313,2072517.75,507229.5313,2072317.75,23,4,99.0676360030773,18.7432262728694"
"99.0676352834206,18.7414186869595,94,149,507029.5313,2072317.75,507229.5313,2072117.75,24,4,99.0676352834206,18.7414186869595"
"99.0676345638462,18.7396111007008,95,150,507029.5313,2072117.75,507229.5313,2071917.75,25,4,99.0676345638462,18.7396111007008"
"99.067633844354,18.7378035140935,96,151,507029.5313,2071917.75,507229.5313,2071717.75,26,4,99.067633844354,18.7378035140935"
"99.0678163434464,18.7362485051968,97,152,507029.5313,2071717.75,507229.5313,2071517.75,27,4,99.0678163434464,18.7362485051968"
"99.0685604742372,18.7350767940021,98,153,507029.5313,2071517.75,507229.5313,2071317.75,28,4,99.0685604742372,18.7350767940021"
"99.0695973006931,18.7791187203823,99,159,507229.5313,2076517.75,507429.5313,2076317.75,3,5,99.0695973006931,18.7791187203823"
"99.0695474229859,18.7775696422285,100,160,507229.5313,2076317.75,507429.5313,2076117.75,4,5,99.0695474229859,18.7775696422285"
"99.0695466815343,18.7757620630217,101,161,507229.5313,2076117.75,507429.5313,2075917.75,5,5,99.0695466815343,18.7757620630217"
"99.0695459401674,18.7739544834657,102,162,507229.5313,2075917.75,507429.5313,2075717.75,6,5,99.0695459401674,18.7739544834657"
"99.0695451988851,18.7721469035605,103,163,507229.5313,2075717.75,507429.5313,2075517.75,7,5,99.0695451988851,18.7721469035605"
"99.0695444576874,18.770339323306,104,164,507229.5313,2075517.75,507429.5313,2075317.75,8,5,99.0695444576874,18.770339323306"
"99.0695437165742,18.7685317427024,105,165,507229.5313,2075317.75,507429.5313,2075117.75,9,5,99.0695437165742,18.7685317427024"
"99.0695429755457,18.7667241617496,106,166,507229.5313,2075117.75,507429.5313,2074917.75,10,5,99.0695429755457,18.7667241617496"
"99.0695422346018,18.7649165804477,107,167,507229.5313,2074917.75,507429.5313,2074717.75,11,5,99.0695422346018,18.7649165804477"
"99.0695414937424,18.7631089987966,108,168,507229.5313,2074717.75,507429.5313,2074517.75,12,5,99.0695414937424,18.7631089987966"
"99.0695407529676,18.7613014167965,109,169,507229.5313,2074517.75,507429.5313,2074317.75,13,5,99.0695407529676,18.7613014167965"
"99.0695400122774,18.7594938344474,110,170,507229.5313,2074317.75,507429.5313,2074117.75,14,5,99.0695400122774,18.7594938344474"
"99.0695392716718,18.7576862517492,111,171,507229.5313,2074117.75,507429.5313,2073917.75,15,5,99.0695392716718,18.7576862517492"
"99.0695385311508,18.755878668702,112,172,507229.5313,2073917.75,507429.5313,2073717.75,16,5,99.0695385311508,18.755878668702"
"99.0695377907143,18.7540710853059,113,173,507229.5313,2073717.75,507429.5313,2073517.75,17,5,99.0695377907143,18.7540710853059"
"99.0695370503624,18.7522635015608,114,174,507229.5313,2073517.75,507429.5313,2073317.75,18,5,99.0695370503624,18.7522635015608"
"99.069536310095,18.7504559174669,115,175,507229.5313,2073317.75,507429.5313,2073117.75,19,5,99.069536310095,18.7504559174669"
"99.0695355699122,18.7486483330241,116,176,507229.5313,2073117.75,507429.5313,2072917.75,20,5,99.0695355699122,18.7486483330241"
"99.0695348298139,18.7468407482324,117,177,507229.5313,2072917.75,507429.5313,2072717.75,21,5,99.0695348298139,18.7468407482324"
"99.0695340898002,18.7450331630919,118,178,507229.5313,2072717.75,507429.5313,2072517.75,22,5,99.0695340898002,18.7450331630919"
"99.0695333498711,18.7432255776027,119,179,507229.5313,2072517.75,507429.5313,2072317.75,23,5,99.0695333498711,18.7432255776027"
"99.0695326100264,18.7414179917646,120,180,507229.5313,2072317.75,507429.5313,2072117.75,24,5,99.0695326100264,18.7414179917646"
"99.0695318702663,18.7396104055778,121,181,507229.5313,2072117.75,507429.5313,2071917.75,25,5,99.0695318702663,18.7396104055778"
"99.0695311305907,18.7378028190424,122,182,507229.5313,2071917.75,507429.5313,2071717.75,26,5,99.0695311305907,18.7378028190424"
"99.0695303909997,18.7359952321582,123,183,507229.5313,2071717.75,507429.5313,2071517.75,27,5,99.0695303909997,18.7359952321582"
"99.0698264221464,18.7346221893512,124,184,507229.5313,2071517.75,507429.5313,2071317.75,28,5,99.0698264221464,18.7346221893512"
"99.0720752286865,18.7805257880777,125,189,507429.5313,2076717.75,507629.5313,2076517.75,2,6,99.0720752286865,18.7805257880777"
"99.0714819129388,18.779328213662,126,190,507429.5313,2076517.75,507629.5313,2076317.75,3,6,99.0714819129388,18.779328213662"
"99.0714451537054,18.7775689263234,127,191,507429.5313,2076317.75,507629.5313,2076117.75,4,6,99.0714451537054,18.7775689263234"
"99.0714443920221,18.7757613471906,128,192,507429.5313,2076117.75,507629.5313,2075917.75,5,6,99.0714443920221,18.7757613471906"
"99.0714436304256,18.7739537677085,129,193,507429.5313,2075917.75,507629.5313,2075717.75,6,6,99.0714436304256,18.7739537677085"
"99.0714428689161,18.7721461878772,130,194,507429.5313,2075717.75,507629.5313,2075517.75,7,6,99.0714428689161,18.7721461878772"
"99.0714421074934,18.7703386076966,131,195,507429.5313,2075517.75,507629.5313,2075317.75,8,6,99.0714421074934,18.7703386076966"
"99.0714413461577,18.7685310271669,132,196,507429.5313,2075317.75,507629.5313,2075117.75,9,6,99.0714413461577,18.7685310271669"
"99.0714405849088,18.766723446288,133,197,507429.5313,2075117.75,507629.5313,2074917.75,10,6,99.0714405849088,18.766723446288"
"99.0714398237469,18.76491586506,134,198,507429.5313,2074917.75,507629.5313,2074717.75,11,6,99.0714398237469,18.76491586506"
"99.0714390626719,18.7631082834829,135,199,507429.5313,2074717.75,507629.5313,2074517.75,12,6,99.0714390626719,18.7631082834829"
"99.0714383016837,18.7613007015567,136,200,507429.5313,2074517.75,507629.5313,2074317.75,13,6,99.0714383016837,18.7613007015567"
"99.0714375407825,18.7594931192814,137,201,507429.5313,2074317.75,507629.5313,2074117.75,14,6,99.0714375407825,18.7594931192814"
"99.0714367799681,18.7576855366572,138,202,507429.5313,2074117.75,507629.5313,2073917.75,15,6,99.0714367799681,18.7576855366572"
"99.0714360192406,18.7558779536839,139,203,507429.5313,2073917.75,507629.5313,2073717.75,16,6,99.0714360192406,18.7558779536839"
"99.0714352586,18.7540703703617,140,204,507429.5313,2073717.75,507629.5313,2073517.75,17,6,99.0714352586,18.7540703703617"
"99.0714344980462,18.7522627866906,141,205,507429.5313,2073517.75,507629.5313,2073317.75,18,6,99.0714344980462,18.7522627866906"
"99.0714337375793,18.7504552026705,142,206,507429.5313,2073317.75,507629.5313,2073117.75,19,6,99.0714337375793,18.7504552026705"
"99.0714329771993,18.7486476183016,143,207,507429.5313,2073117.75,507629.5313,2072917.75,20,6,99.0714329771993,18.7486476183016"
"99.0714322169061,18.7468400335838,144,208,507429.5313,2072917.75,507629.5313,2072717.75,21,6,99.0714322169061,18.7468400335838"
"99.0714314566998,18.7450324485172,145,209,507429.5313,2072717.75,507629.5313,2072517.75,22,6,99.0714314566998,18.7450324485172"
"99.0714306965803,18.7432248631018,146,210,507429.5313,2072517.75,507629.5313,2072317.75,23,6,99.0714306965803,18.7432248631018"
"99.0714299365477,18.7414172773377,147,211,507429.5313,2072317.75,507629.5313,2072117.75,24,6,99.0714299365477,18.7414172773377"
"99.0714291766019,18.7396096912248,148,212,507429.5313,2072117.75,507629.5313,2071917.75,25,6,99.0714291766019,18.7396096912248"
"99.0714284167429,18.7378021047633,149,213,507429.5313,2071917.75,507629.5313,2071717.75,26,6,99.0714284167429,18.7378021047633"
"99.0714276569708,18.735994517953,150,214,507429.5313,2071717.75,507629.5313,2071517.75,27,6,99.0714276569708,18.735994517953"
"99.0714527288741,18.7342130095548,151,215,507429.5313,2071517.75,507629.5313,2071317.75,28,6,99.0714527288741,18.7342130095548"
"99.0719291809203,18.732963128699,152,216,507429.5313,2071317.75,507629.5313,2071117.75,29,6,99.0719291809203,18.732963128699"
"99.074125892558,18.7822157359295,153,219,507629.5313,2076917.75,507829.5313,2076717.75,1,7,99.074125892558,18.7822157359295"
"99.0734789637083,18.781031255969,154,220,507629.5313,2076717.75,507829.5313,2076517.75,2,7,99.0734789637083,18.781031255969"
"99.0733436663426,18.779375769854,155,221,507629.5313,2076517.75,507829.5313,2076317.75,3,7,99.0733436663426,18.779375769854"
"99.0733428843381,18.7775681911465,156,222,507629.5313,2076317.75,507829.5313,2076117.75,4,7,99.0733428843381,18.7775681911465"
"99.0733421024229,18.7757606120896,157,223,507629.5313,2076117.75,507829.5313,2075917.75,5,7,99.0733421024229,18.7757606120896"
"99.0733413205969,18.7739530326834,158,224,507629.5313,2075917.75,507829.5313,2075717.75,6,7,99.0733413205969,18.7739530326834"
"99.0733405388601,18.772145452928,159,225,507629.5313,2075717.75,507829.5313,2075517.75,7,7,99.0733405388601,18.772145452928"
"99.0733397572126,18.7703378728234,160,226,507629.5313,2075517.75,507829.5313,2075317.75,8,7,99.0733397572126,18.7703378728234"
"99.0733389756542,18.7685302923695,161,227,507629.5313,2075317.75,507829.5313,2075117.75,9,7,99.0733389756542,18.7685302923695"
"99.0733381941851,18.7667227115666,162,228,507629.5313,2075117.75,507829.5313,2074917.75,10,7,99.0733381941851,18.7667227115666"
"99.0733374128052,18.7649151304144,163,229,507629.5313,2074917.75,507829.5313,2074717.75,11,7,99.0733374128052,18.7649151304144"
"99.0733366315145,18.7631075489132,164,230,507629.5313,2074717.75,507829.5313,2074517.75,12,7,99.0733366315145,18.7631075489132"
"99.0733358503129,18.7612999670629,165,231,507629.5313,2074517.75,507829.5313,2074317.75,13,7,99.0733358503129,18.7612999670629"
"99.0733350692006,18.7594923848636,166,232,507629.5313,2074317.75,507829.5313,2074117.75,14,7,99.0733350692006,18.7594923848636"
"99.0733342881775,18.7576848023152,167,233,507629.5313,2074117.75,507829.5313,2073917.75,15,7,99.0733342881775,18.7576848023152"
"99.0733335072435,18.7558772194179,168,234,507629.5313,2073917.75,507829.5313,2073717.75,16,7,99.0733335072435,18.7558772194179"
"99.0733327263988,18.7540696361715,169,235,507629.5313,2073717.75,507829.5313,2073517.75,17,7,99.0733327263988,18.7540696361715"
"99.0733319456432,18.7522620525763,170,236,507629.5313,2073517.75,507829.5313,2073317.75,18,7,99.0733319456432,18.7522620525763"
"99.0733311649768,18.7504544686321,171,237,507629.5313,2073317.75,507829.5313,2073117.75,19,7,99.0733311649768,18.7504544686321"
"99.0733303843995,18.7486468843391,172,238,507629.5313,2073117.75,507829.5313,2072917.75,20,7,99.0733303843995,18.7486468843391"
"99.0733296039114,18.7468392996972,173,239,507629.5313,2072917.75,507829.5313,2072717.75,21,7,99.0733296039114,18.7468392996972"
"99.0733288235125,18.7450317147065,174,240,507629.5313,2072717.75,507829.5313,2072517.75,22,7,99.0733288235125,18.7450317147065"
"99.0733280432027,18.743224129367,175,241,507629.5313,2072517.75,507829.5313,2072317.75,23,7,99.0733280432027,18.743224129367"
"99.0733272629821,18.7414165436788,176,242,507629.5313,2072317.75,507829.5313,2072117.75,24,7,99.0733272629821,18.7414165436788"
"99.0733264828506,18.7396089576418,177,243,507629.5313,2072117.75,507829.5313,2071917.75,25,7,99.0733264828506,18.7396089576418"
"99.0733257028083,18.7378013712561,178,244,507629.5313,2071917.75,507829.5313,2071717.75,26,7,99.0733257028083,18.7378013712561"
"99.0733249228551,18.7359937845217,179,245,507629.5313,2071717.75,507829.5313,2071517.75,27,7,99.0733249228551,18.7359937845217"
"99.073324142991,18.7341861974387,180,246,507629.5313,2071517.75,507829.5313,2071317.75,28,7,99.073324142991,18.7341861974387"
"99.0733903107825,18.7325160668586,181,247,507629.5313,2071317.75,507829.5313,2071117.75,29,7,99.0733903107825,18.7325160668586"
"99.0737546464268,18.731416437051,182,248,507629.5313,2071117.75,507829.5313,2070917.75,30,7,99.0737546464268,18.731416437051"
"99.0761765973006,18.7839056608264,183,249,507829.5313,2077117.75,508029.5313,2076917.75,0,8,99.0761765973006,18.7839056608264"
"99.0754492307518,18.7827227753218,184,250,507829.5313,2076917.75,508029.5313,2076717.75,1,8,99.0754492307518,18.7827227753218"
"99.0752422194503,18.7811825936077,185,251,507829.5313,2076717.75,508029.5313,2076517.75,2,8,99.0752422194503,18.7811825936077"
"99.0752414171201,18.7793750153274,186,252,507829.5313,2076517.75,508029.5313,2076317.75,3,8,99.0752414171201,18.7793750153274"
"99.0752406148815,18.7775674366977,187,253,507829.5313,2076317.75,508029.5313,2076117.75,4,8,99.0752406148815,18.7775674366977"
"99.0752398127345,18.7757598577187,188,254,507829.5313,2076117.75,508029.5313,2075917.75,5,8,99.0752398127345,18.7757598577187"
"99.0752390106789,18.7739522783905,189,255,507829.5313,2075917.75,508029.5313,2075717.75,6,8,99.0752390106789,18.7739522783905"
"99.0752382087149,18.7721446987129,190,256,507829.5313,2075717.75,508029.5313,2075517.75,7,8,99.0752382087149,18.7721446987129"
"99.0752374068425,18.7703371186862,191,257,507829.5313,2075517.75,508029.5313,2075317.75,8,8,99.0752374068425,18.7703371186862"
"99.0752366050615,18.7685295383103,192,258,507829.5313,2075317.75,508029.5313,2075117.75,9,8,99.0752366050615,18.7685295383103"
"99.0752358033721,18.7667219575852,193,259,507829.5313,2075117.75,508029.5313,2074917.75,10,8,99.0752358033721,18.7667219575852"
"99.0752350017742,18.764914376511,194,260,507829.5313,2074917.75,508029.5313,2074717.75,11,8,99.0752350017742,18.764914376511"
"99.0752342002679,18.7631067950877,195,261,507829.5313,2074717.75,508029.5313,2074517.75,12,8,99.0752342002679,18.7631067950877"
"99.075233398853,18.7612992133153,196,262,507829.5313,2074517.75,508029.5313,2074317.75,13,8,99.075233398853,18.7612992133153"
"99.0752325975296,18.7594916311938,197,263,507829.5313,2074317.75,508029.5313,2074117.75,14,8,99.0752325975296,18.7594916311938"
"99.0752317962977,18.7576840487233,198,264,507829.5313,2074117.75,508029.5313,2073917.75,15,8,99.0752317962977,18.7576840487233"
"99.0752309951573,18.7558764659038,199,265,507829.5313,2073917.75,508029.5313,2073717.75,16,8,99.0752309951573,18.7558764659038"
"99.0752301941084,18.7540688827354,200,266,507829.5313,2073717.75,508029.5313,2073517.75,17,8,99.0752301941084,18.7540688827354"
"99.075229393151,18.752261299218,201,267,507829.5313,2073517.75,508029.5313,2073317.75,18,8,99.075229393151,18.752261299218"
"99.075228592285,18.7504537153518,202,268,507829.5313,2073317.75,508029.5313,2073117.75,19,8,99.075228592285,18.7504537153518"
"99.0752277915106,18.7486461311366,203,269,507829.5313,2073117.75,508029.5313,2072917.75,20,8,99.0752277915106,18.7486461311366"
"99.0752269908276,18.7468385465726,204,270,507829.5313,2072917.75,508029.5313,2072717.75,21,8,99.0752269908276,18.7468385465726"
"99.0752261902361,18.7450309616598,205,271,507829.5313,2072717.75,508029.5313,2072517.75,22,8,99.0752261902361,18.7450309616598"
"99.075225389736,18.7432233763982,206,272,507829.5313,2072517.75,508029.5313,2072317.75,23,8,99.075225389736,18.7432233763982"
"99.0752245893274,18.7414157907878,207,273,507829.5313,2072317.75,508029.5313,2072117.75,24,8,99.0752245893274,18.7414157907878"
"99.0752237890102,18.7396082048287,208,274,507829.5313,2072117.75,508029.5313,2071917.75,25,8,99.0752237890102,18.7396082048287"
"99.0752229887845,18.7378006185208,209,275,507829.5313,2071917.75,508029.5313,2071717.75,26,8,99.0752229887845,18.7378006185208"
"99.0752217983817,18.7359934000508,210,276,507829.5313,2071717.75,508029.5313,2071517.75,27,8,99.0752217983817,18.7359934000508"
"99.0749624917363,18.7343141022249,211,277,507829.5313,2071517.75,508029.5313,2071317.75,28,8,99.0749624917363,18.7343141022249"
"99.0745206948652,18.7328771836922,212,278,507829.5313,2071317.75,508029.5313,2071117.75,29,8,99.0745206948652,18.7328771836922"
"99.0774427656851,18.7843911240694,213,280,508029.5313,2077117.75,508229.5313,2076917.75,0,9,99.0774427656851,18.7843911240694"
"99.0771408130332,18.7829893975784,214,281,508029.5313,2076917.75,508229.5313,2076717.75,1,9,99.0771408130332,18.7829893975784"
"99.0771399903727,18.7811818197274,215,282,508029.5313,2076717.75,508229.5313,2076517.75,2,9,99.0771399903727,18.7811818197274"
"99.0771391678061,18.7793742415269,216,283,508029.5313,2076517.75,508229.5313,2076317.75,3,9,99.0771391678061,18.7793742415269"
"99.0771383453334,18.7775666629771,217,284,508029.5313,2076317.75,508229.5313,2076117.75,4,9,99.0771383453334,18.7775666629771"
"99.0771375229545,18.7757590840781,218,285,508029.5313,2076117.75,508229.5313,2075917.75,5,9,99.0771375229545,18.7757590840781"
"99.0771367006695,18.7739515048297,219,286,508029.5313,2075917.75,508229.5313,2075717.75,6,9,99.0771367006695,18.7739515048297"
"99.0771358784782,18.7721439252321,220,287,508029.5313,2075717.75,508229.5313,2075517.75,7,9,99.0771358784782,18.7721439252321"
"99.0771350563809,18.7703363452852,221,288,508029.5313,2075517.75,508229.5313,2075317.75,8,9,99.0771350563809,18.7703363452852"
"99.0771342343774,18.7685287649892,222,289,508029.5313,2075317.75,508229.5313,2075117.75,9,9,99.0771342343774,18.7685287649892"
"99.0771334124677,18.766721184344,223,290,508029.5313,2075117.75,508229.5313,2074917.75,10,9,99.0771334124677,18.766721184344"
"99.0771325906518,18.7649136033496,224,291,508029.5313,2074917.75,508229.5313,2074717.75,11,9,99.0771325906518,18.7649136033496"
"99.0771317689297,18.7631060220062,225,292,508029.5313,2074717.75,508229.5313,2074517.75,12,9,99.0771317689297,18.7631060220062"
"99.0771309473015,18.7612984403137,226,293,508029.5313,2074517.75,508229.5313,2074317.75,13,9,99.0771309473015,18.7612984403137"
"99.0771301257671,18.7594908582721,227,294,508029.5313,2074317.75,508229.5313,2074117.75,14,9,99.0771301257671,18.7594908582721"
"99.0771293043264,18.7576832758815,228,295,508029.5313,2074117.75,508229.5313,2073917.75,15,9,99.0771293043264,18.7576832758815"
"99.0771284829796,18.7558756931419,229,296,508029.5313,2073917.75,508229.5313,2073717.75,16,9,99.0771284829796,18.7558756931419"
"99.0771276617265,18.7540681100533,230,297,508029.5313,2073717.75,508229.5313,2073517.75,17,9,99.0771276617265,18.7540681100533"
"99.0771268405673,18.7522605266158,231,298,508029.5313,2073517.75,508229.5313,2073317.75,18,9,99.0771268405673,18.7522605266158"
"99.0771260195018,18.7504529428294,232,299,508029.5313,2073317.75,508229.5313,2073117.75,19,9,99.0771260195018,18.7504529428294"
"99.0771251985302,18.7486453586941,233,300,508029.5313,2073117.75,508229.5313,2072917.75,20,9,99.0771251985302,18.7486453586941"
"99.0771243776523,18.74683777421,234,301,508029.5313,2072917.75,508229.5313,2072717.75,21,9,99.0771243776523,18.74683777421"
"99.0771235568681,18.745030189377,235,302,508029.5313,2072717.75,508229.5313,2072517.75,22,9,99.0771235568681,18.745030189377"
"99.0771227361778,18.7432226041953,236,303,508029.5313,2072517.75,508229.5313,2072317.75,23,9,99.0771227361778,18.7432226041953"
"99.0771219155812,18.7414150186648,237,304,508029.5313,2072317.75,508229.5313,2072117.75,24,9,99.0771219155812,18.7414150186648"
"99.0771210950784,18.7396074327855,238,305,508029.5313,2072117.75,508229.5313,2071917.75,25,9,99.0771210950784,18.7396074327855"
"99.0769890830676,18.7378884415861,239,306,508029.5313,2071917.75,508229.5313,2071717.75,26,9,99.0769890830676,18.7378884415861"
"99.0765269282921,18.7363165336644,240,307,508029.5313,2071717.75,508229.5313,2071517.75,27,9,99.0765269282921,18.7363165336644"
"99.0790434602456,18.7847577239626,241,311,508229.5313,2077117.75,508429.5313,2076917.75,0,10,99.0790434602456,18.7847577239626"
"99.0790386041005,18.7829886043404,242,312,508229.5313,2076917.75,508429.5313,2076717.75,1,10,99.0790386041005,18.7829886043404"
"99.0790377612013,18.7811810265712,243,313,508229.5313,2076717.75,508429.5313,2076517.75,2,10,99.0790377612013,18.7811810265712"
"99.0790369183983,18.7793734484527,244,314,508229.5313,2076517.75,508429.5313,2076317.75,3,10,99.0790369183983,18.7793734484527"
"99.0790360756914,18.7775658699848,245,315,508229.5313,2076317.75,508429.5313,2076117.75,4,10,99.0790360756914,18.7775658699848"
"99.0790352330807,18.7757582911676,246,316,508229.5313,2076117.75,508429.5313,2075917.75,5,10,99.0790352330807,18.7757582911676"
"99.0790343905661,18.7739507120011,247,317,508229.5313,2075917.75,508429.5313,2075717.75,6,10,99.0790343905661,18.7739507120011"
"99.0790335481477,18.7721431324853,248,318,508229.5313,2075717.75,508429.5313,2075517.75,7,10,99.0790335481477,18.7721431324853"
"99.0790327058255,18.7703355526204,249,319,508229.5313,2075517.75,508429.5313,2075317.75,8,10,99.0790327058255,18.7703355526204"
"99.0790318635994,18.7685279724062,250,320,508229.5313,2075317.75,508429.5313,2075117.75,9,10,99.0790318635994,18.7685279724062"
"99.0790310214694,18.7667203918429,251,321,508229.5313,2075117.75,508429.5313,2074917.75,10,10,99.0790310214694,18.7667203918429"
"99.0790301794355,18.7649128109304,252,322,508229.5313,2074917.75,508429.5313,2074717.75,11,10,99.0790301794355,18.7649128109304"
"99.0790293374978,18.7631052296688,253,323,508229.5313,2074717.75,508429.5313,2074517.75,12,10,99.0790293374978,18.7631052296688"
"99.0790284956562,18.7612976480582,254,324,508229.5313,2074517.75,508429.5313,2074317.75,13,10,99.0790284956562,18.7612976480582"
"99.0790276539107,18.7594900660985,255,325,508229.5313,2074317.75,508429.5313,2074117.75,14,10,99.0790276539107,18.7594900660985"
"99.0790268122613,18.7576824837897,256,326,508229.5313,2074117.75,508429.5313,2073917.75,15,10,99.0790268122613,18.7576824837897"
"99.0790259707081,18.755874901132,257,327,508229.5313,2073917.75,508429.5313,2073717.75,16,10,99.0790259707081,18.755874901132"
"99.0790251292509,18.7540673181253,258,328,508229.5313,2073717.75,508429.5313,2073517.75,17,10,99.0790251292509,18.7540673181253"
"99.0790242878898,18.7522597347697,259,329,508229.5313,2073517.75,508429.5313,2073317.75,18,10,99.0790242878898,18.7522597347697"
"99.0790234466249,18.7504521510651,260,330,508229.5313,2073317.75,508429.5313,2073117.75,19,10,99.0790234466249,18.7504521510651"
"99.079022605456,18.7486445670117,261,331,508229.5313,2073117.75,508429.5313,2072917.75,20,10,99.079022605456,18.7486445670117"
"99.0790217643832,18.7468369826094,262,332,508229.5313,2072917.75,508429.5313,2072717.75,21,10,99.0790217643832,18.7468369826094"
"99.0790209234065,18.7450293978583,263,333,508229.5313,2072717.75,508429.5313,2072517.75,22,10,99.0790209234065,18.7450293978583"
"99.0790200825258,18.7432218127584,264,334,508229.5313,2072517.75,508429.5313,2072317.75,23,10,99.0790200825258,18.7432218127584"
"99.0789870539032,18.7414463608004,265,335,508229.5313,2072317.75,508429.5313,2072117.75,24,10,99.0789870539032,18.7414463608004"
"99.0785489578173,18.7398069657785,266,336,508229.5313,2072117.75,508429.5313,2071917.75,25,10,99.0785489578173,18.7398069657785"
"99.0781627419141,18.7385509580258,267,337,508229.5313,2071917.75,508429.5313,2071717.75,26,10,99.0781627419141,18.7385509580258"
"99.0809228027388,18.7847011506591,268,342,508429.5313,2077117.75,508629.5313,2076917.75,0,11,99.0809228027388,18.7847011506591"
"99.0809363950717,18.7829877918246,269,343,508429.5313,2076917.75,508629.5313,2076717.75,1,11,99.0809363950717,18.7829877918246"
"99.0809355319337,18.7811802141393,270,344,508429.5313,2076717.75,508629.5313,2076517.75,2,11,99.0809355319337,18.7811802141393"
"99.0809346688943,18.7793726361046,271,345,508429.5313,2076517.75,508629.5313,2076317.75,3,11,99.0809346688943,18.7793726361046"
"99.0809338059533,18.7775650577206,272,346,508429.5313,2076317.75,508629.5313,2076117.75,4,11,99.0809338059533,18.7775650577206"
"99.0809329431107,18.7757574789872,273,347,508429.5313,2076117.75,508629.5313,2075917.75,5,11,99.0809329431107,18.7757574789872"
"99.0809320803667,18.7739498999046,274,348,508429.5313,2075917.75,508629.5313,2075717.75,6,11,99.0809320803667,18.7739498999046"
"99.0809312177211,18.7721423204727,275,349,508429.5313,2075717.75,508629.5313,2075517.75,7,11,99.0809312177211,18.7721423204727"
"99.0809303551739,18.7703347406917,276,350,508429.5313,2075517.75,508629.5313,2075317.75,8,11,99.0809303551739,18.7703347406917"
"99.0809294927252,18.7685271605614,277,351,508429.5313,2075317.75,508629.5313,2075117.75,9,11,99.0809294927252,18.7685271605614"
"99.0809286303749,18.7667195800819,278,352,508429.5313,2075117.75,508629.5313,2074917.75,10,11,99.0809286303749,18.7667195800819"
"99.0809277681231,18.7649119992533,279,353,508429.5313,2074917.75,508629.5313,2074717.75,11,11,99.0809277681231,18.7649119992533"
"99.0809269059697,18.7631044180756,280,354,508429.5313,2074717.75,508629.5313,2074517.75,12,11,99.0809269059697,18.7631044180756"
"99.0809260439148,18.7612968365488,281,355,508429.5313,2074517.75,508629.5313,2074317.75,13,11,99.0809260439148,18.7612968365488"
"99.0809251819582,18.7594892546729,282,356,508429.5313,2074317.75,508629.5313,2074117.75,14,11,99.0809251819582,18.7594892546729"
"99.0809243201001,18.757681672448,283,357,508429.5313,2074117.75,508629.5313,2073917.75,15,11,99.0809243201001,18.757681672448"
"99.0809234583404,18.7558740898742,284,358,508429.5313,2073917.75,508629.5313,2073717.75,16,11,99.0809234583404,18.7558740898742"
"99.0809225966792,18.7540665069513,285,359,508429.5313,2073717.75,508629.5313,2073517.75,17,11,99.0809225966792,18.7540665069513"
"99.0809217351163,18.7522589236795,286,360,508429.5313,2073517.75,508629.5313,2073317.75,18,11,99.0809217351163,18.7522589236795"
"99.0809208736518,18.7504513400588,287,361,508429.5313,2073317.75,508629.5313,2073117.75,19,11,99.0809208736518,18.7504513400588"
"99.0809200122857,18.7486437560893,288,362,508429.5313,2073117.75,508629.5313,2072917.75,20,11,99.0809200122857,18.7486437560893"
"99.080919151018,18.7468361717708,289,363,508429.5313,2072917.75,508629.5313,2072717.75,21,11,99.080919151018,18.7468361717708"
"99.0809182898487,18.7450285871036,290,364,508429.5313,2072717.75,508629.5313,2072517.75,22,11,99.0809182898487,18.7450285871036"
"99.0809174287778,18.7432210020875,291,365,508429.5313,2072517.75,508629.5313,2072317.75,23,11,99.0809174287778,18.7432210020875"
"99.0809510449497,18.7414699150298,292,366,508429.5313,2072317.75,508629.5313,2072117.75,24,11,99.0809510449497,18.7414699150298"
"99.0816964954601,18.7404697670889,293,367,508429.5313,2072117.75,508629.5313,2071917.75,25,11,99.0816964954601,18.7404697670889"
"99.082819132081,18.7846266599344,294,373,508629.5313,2077117.75,508829.5313,2076917.75,0,12,99.082819132081,18.7846266599344"
"99.0828341859444,18.782986960031,295,374,508629.5313,2076917.75,508829.5313,2076717.75,1,12,99.0828341859444,18.782986960031"
"99.0828333025677,18.7811793824315,296,375,508629.5313,2076717.75,508829.5313,2076517.75,2,12,99.0828333025677,18.7811793824315"
"99.0828324192918,18.7793718044827,297,376,508629.5313,2076517.75,508829.5313,2076317.75,3,12,99.0828324192918,18.7793718044827"
"99.0828315361167,18.7775642261846,298,377,508629.5313,2076317.75,508829.5313,2076117.75,4,12,99.0828315361167,18.7775642261846"
"99.0828306530423,18.7757566475371,299,378,508629.5313,2076117.75,508829.5313,2075917.75,5,12,99.0828306530423,18.7757566475371"
"99.0828297700687,18.7739490685403,300,379,508629.5313,2075917.75,508829.5313,2075717.75,6,12,99.0828297700687,18.7739490685403"
"99.0828288871959,18.7721414891943,301,380,508629.5313,2075717.75,508829.5313,2075517.75,7,12,99.0828288871959,18.7721414891943"
"99.0828280044239,18.7703339094991,302,381,508629.5313,2075517.75,508829.5313,2075317.75,8,12,99.0828280044239,18.7703339094991"
"99.0828271217526,18.7685263294547,303,382,508629.5313,2075317.75,508829.5313,2075117.75,9,12,99.0828271217526,18.7685263294547"
"99.0828262391821,18.766718749061,304,383,508629.5313,2075117.75,508829.5313,2074917.75,10,12,99.0828262391821,18.766718749061"
"99.0828253567123,18.7649111683183,305,384,508629.5313,2074917.75,508829.5313,2074717.75,11,12,99.0828253567123,18.7649111683183"
"99.0828244743432,18.7631035872264,306,385,508629.5313,2074717.75,508829.5313,2074517.75,12,12,99.0828244743432,18.7631035872264"
"99.0828235920749,18.7612960057855,307,386,508629.5313,2074517.75,508829.5313,2074317.75,13,12,99.0828235920749,18.7612960057855"
"99.0828227099074,18.7594884239955,308,387,508629.5313,2074317.75,508829.5313,2074117.75,14,12,99.0828227099074,18.7594884239955"
"99.0828218278405,18.7576808418564,309,388,508629.5313,2074117.75,508829.5313,2073917.75,15,12,99.0828218278405,18.7576808418564"
"99.0828209458744,18.7558732593684,310,389,508629.5313,2073917.75,508829.5313,2073717.75,16,12,99.0828209458744,18.7558732593684"
"99.082820064009,18.7540656765314,311,390,508629.5313,2073717.75,508829.5313,2073517.75,17,12,99.082820064009,18.7540656765314"
"99.0828191822443,18.7522580933455,312,391,508629.5313,2073517.75,508829.5313,2073317.75,18,12,99.0828191822443,18.7522580933455"
"99.0828183005803,18.7504505098106,313,392,508629.5313,2073317.75,508829.5313,2073117.75,19,12,99.0828183005803,18.7504505098106"
"99.0828174190171,18.7486429259269,314,393,508629.5313,2073117.75,508829.5313,2072917.75,20,12,99.0828174190171,18.7486429259269"
"99.0828165375545,18.7468353416943,315,394,508629.5313,2072917.75,508829.5313,2072717.75,21,12,99.0828165375545,18.7468353416943"
"99.0828156561926,18.7450277571128,316,395,508629.5313,2072717.75,508829.5313,2072517.75,22,12,99.0828156561926,18.7450277571128"
"99.0828147749314,18.7432201721826,317,396,508629.5313,2072517.75,508829.5313,2072317.75,23,12,99.0828147749314,18.7432201721826"
"99.0828138937709,18.7414125869036,318,397,508629.5313,2072317.75,508829.5313,2072117.75,24,12,99.0828138937709,18.7414125869036"
"99.0831349204903,18.7402027872077,319,398,508629.5313,2072117.75,508829.5313,2071917.75,25,12,99.0831349204903,18.7402027872077"
"99.084680086037,18.7845270516731,320,404,508829.5313,2077117.75,509029.5313,2076917.75,0,13,99.084680086037,18.7845270516731"
"99.0847319767163,18.7829861089596,321,405,508829.5313,2076917.75,509029.5313,2076717.75,1,13,99.0847319767163,18.7829861089596"
"99.0847310731009,18.781178531448,322,406,508829.5313,2076717.75,509029.5313,2076517.75,2,13,99.0847310731009,18.781178531448"
"99.0847301695885,18.7793709535871,323,407,508829.5313,2076517.75,509029.5313,2076317.75,3,13,99.0847301695885,18.7793709535871"
"99.0847292661793,18.7775633753768,324,408,508829.5313,2076317.75,509029.5313,2076117.75,4,13,99.0847292661793,18.7775633753768"
"99.0847283628731,18.7757557968171,325,409,508829.5313,2076117.75,509029.5313,2075917.75,5,13,99.0847283628731,18.7757557968171"
"99.08472745967,18.7739482179082,326,410,508829.5313,2075917.75,509029.5313,2075717.75,6,13,99.08472745967,18.7739482179082"
"99.08472655657,18.7721406386501,327,411,508829.5313,2075717.75,509029.5313,2075517.75,7,13,99.08472655657,18.7721406386501"
"99.0847256535731,18.7703330590427,328,412,508829.5313,2075517.75,509029.5313,2075317.75,8,13,99.0847256535731,18.7703330590427"
"99.0847247506793,18.7685254790861,329,413,508829.5313,2075317.75,509029.5313,2075117.75,9,13,99.0847247506793,18.7685254790861"
"99.0847238478885,18.7667178987803,330,414,508829.5313,2075117.75,509029.5313,2074917.75,10,13,99.0847238478885,18.7667178987803"
"99.0847229452007,18.7649103181254,331,415,508829.5313,2074917.75,509029.5313,2074717.75,11,13,99.0847229452007,18.7649103181254"
"99.084722042616,18.7631027371214,332,416,508829.5313,2074717.75,509029.5313,2074517.75,12,13,99.084722042616,18.7631027371214"
"99.0847211401344,18.7612951557683,333,417,508829.5313,2074517.75,509029.5313,2074317.75,13,13,99.0847211401344,18.7612951557683"
"99.0847202377558,18.7594875740661,334,418,508829.5313,2074317.75,509029.5313,2074117.75,14,13,99.0847202377558,18.7594875740661"
"99.0847193354802,18.7576799920149,335,419,508829.5313,2074117.75,509029.5313,2073917.75,15,13,99.0847193354802,18.7576799920149"
"99.0847184333077,18.7558724096147,336,420,508829.5313,2073917.75,509029.5313,2073717.75,16,13,99.0847184333077,18.7558724096147"
"99.0847175312381,18.7540648268656,337,421,508829.5313,2073717.75,509029.5313,2073517.75,17,13,99.0847175312381,18.7540648268656"
"99.0847166292717,18.7522572437674,338,422,508829.5313,2073517.75,509029.5313,2073317.75,18,13,99.0847166292717,18.7522572437674"
"99.0847157274082,18.7504496603204,339,423,508829.5313,2073317.75,509029.5313,2073117.75,19,13,99.0847157274082,18.7504496603204"
"99.0847148256477,18.7486420765245,340,424,508829.5313,2073117.75,509029.5313,2072917.75,20,13,99.0847148256477,18.7486420765245"
"99.0847139239903,18.7468344923797,341,425,508829.5313,2072917.75,509029.5313,2072717.75,21,13,99.0847139239903,18.7468344923797"
"99.0847130224358,18.7450269078861,342,426,508829.5313,2072717.75,509029.5313,2072517.75,22,13,99.0847130224358,18.7450269078861"
"99.0847121209843,18.7432193230437,343,427,508829.5313,2072517.75,509029.5313,2072317.75,23,13,99.0847121209843,18.7432193230437"
"99.0847112196358,18.7414117378525,344,428,508829.5313,2072317.75,509029.5313,2072117.75,24,13,99.0847112196358,18.7414117378525"
"99.0847609450433,18.7396505669682,345,429,508829.5313,2072117.75,509029.5313,2071917.75,25,13,99.0847609450433,18.7396505669682"
"99.0852397853323,18.7382510420915,346,430,508829.5313,2071917.75,509029.5313,2071717.75,26,13,99.0852397853323,18.7382510420915"
"99.0863525161654,18.7842056286383,347,435,509029.5313,2077117.75,509229.5313,2076917.75,0,14,99.0863525161654,18.7842056286383"
"99.0866297673851,18.7829852386104,348,436,509029.5313,2076917.75,509229.5313,2076717.75,1,14,99.0866297673851,18.7829852386104"
"99.0866288435309,18.7811776611887,349,437,509029.5313,2076717.75,509229.5313,2076517.75,2,14,99.0866288435309,18.7811776611887"
"99.0866279197822,18.7793700834176,350,438,509029.5313,2076517.75,509229.5313,2076317.75,3,14,99.0866279197822,18.7793700834176"
"99.0866269961388,18.7775625052971,351,439,509029.5313,2076317.75,509229.5313,2076117.75,4,14,99.0866269961388,18.7775625052971"
"99.0866260726008,18.7757549268274,352,440,509029.5313,2076117.75,509229.5313,2075917.75,5,14,99.0866260726008,18.7757549268274"
"99.0866251491683,18.7739473480083,353,441,509029.5313,2075917.75,509229.5313,2075717.75,6,14,99.0866251491683,18.7739473480083"
"99.0866242258411,18.77213976884,354,442,509029.5313,2075717.75,509229.5313,2075517.75,7,14,99.0866242258411,18.77213976884"
"99.0866233026193,18.7703321893224,355,443,509029.5313,2075517.75,509229.5313,2075317.75,8,14,99.0866233026193,18.7703321893224"
"99.0866223795029,18.7685246094557,356,444,509029.5313,2075317.75,509229.5313,2075117.75,9,14,99.0866223795029,18.7685246094557"
"99.0866214564918,18.7667170292398,357,445,509029.5313,2075117.75,509229.5313,2074917.75,10,14,99.0866214564918,18.7667170292398"
"99.0866205335861,18.7649094486747,358,446,509029.5313,2074917.75,509229.5313,2074717.75,11,14,99.0866205335861,18.7649094486747"
"99.0866196107858,18.7631018677605,359,447,509029.5313,2074717.75,509229.5313,2074517.75,12,14,99.0866196107858,18.7631018677605"
"99.0866186880908,18.7612942864972,360,448,509029.5313,2074517.75,509229.5313,2074317.75,13,14,99.0866186880908,18.7612942864972"
"99.0866177655011,18.7594867048849,361,449,509029.5313,2074317.75,509229.5313,2074117.75,14,14,99.0866177655011,18.7594867048849"
"99.0866168430168,18.7576791229235,362,450,509029.5313,2074117.75,509229.5313,2073917.75,15,14,99.0866168430168,18.7576791229235"
"99.0866159206379,18.7558715406131,363,451,509029.5313,2073917.75,509229.5313,2073717.75,16,14,99.0866159206379,18.7558715406131"
"99.0866149983643,18.7540639579538,364,452,509029.5313,2073717.75,509229.5313,2073517.75,17,14,99.0866149983643,18.7540639579538"
"99.086614076196,18.7522563749455,365,453,509029.5313,2073517.75,509229.5313,2073317.75,18,14,99.086614076196,18.7522563749455"
"99.086613154133,18.7504487915883,366,454,509029.5313,2073317.75,509229.5313,2073117.75,19,14,99.086613154133,18.7504487915883"
"99.0866122321753,18.7486412078822,367,455,509029.5313,2073117.75,509229.5313,2072917.75,20,14,99.0866122321753,18.7486412078822"
"99.086611310323,18.7468336238272,368,456,509029.5313,2072917.75,509229.5313,2072717.75,21,14,99.086611310323,18.7468336238272"
"99.086610388576,18.7450260394234,369,457,509029.5313,2072717.75,509229.5313,2072517.75,22,14,99.086610388576,18.7450260394234"
"99.0866094669342,18.7432184546708,370,458,509029.5313,2072517.75,509229.5313,2072317.75,23,14,99.0866094669342,18.7432184546708"
"99.0866085453978,18.7414108695694,371,459,509029.5313,2072317.75,509229.5313,2072117.75,24,14,99.0866085453978,18.7414108695694"
"99.0865738522462,18.7396338672039,372,460,509029.5313,2072117.75,509229.5313,2071917.75,25,14,99.0865738522462,18.7396338672039"
"99.0861361645652,18.7381624099263,373,461,509029.5313,2071917.75,509229.5313,2071717.75,26,14,99.0861361645652,18.7381624099263"
"99.0876228796039,18.7839089506892,374,466,509229.5313,2077117.75,509429.5313,2076917.75,0,15,99.0876228796039,18.7839089506892"
"99.0884303031511,18.7828149979146,375,467,509229.5313,2076917.75,509429.5313,2076717.75,1,15,99.0884303031511,18.7828149979146"
"99.0885266138556,18.7811767716536,376,468,509229.5313,2076717.75,509429.5313,2076517.75,2,15,99.0885266138556,18.7811767716536"
"99.0885256698704,18.7793691939744,377,469,509229.5313,2076517.75,509429.5313,2076317.75,3,15,99.0885256698704,18.7793691939744"
"99.0885247259929,18.7775616159457,378,470,509229.5313,2076317.75,509429.5313,2076117.75,4,15,99.0885247259929,18.7775616159457"
"99.0885237822232,18.7757540375678,379,471,509229.5313,2076117.75,509429.5313,2075917.75,5,15,99.0885237822232,18.7757540375678"
"99.0885228385611,18.7739464588406,380,472,509229.5313,2075917.75,509429.5313,2075717.75,6,15,99.0885228385611,18.7739464588406"
"99.0885218950067,18.7721388797641,381,473,509229.5313,2075717.75,509429.5313,2075517.75,7,15,99.0885218950067,18.7721388797641"
"99.0885209515601,18.7703313003384,382,474,509229.5313,2075517.75,509429.5313,2075317.75,8,15,99.0885209515601,18.7703313003384"
"99.0885200082211,18.7685237205634,383,475,509229.5313,2075317.75,509429.5313,2075117.75,9,15,99.0885200082211,18.7685237205634"
"99.0885190649898,18.7667161404393,384,476,509229.5313,2075117.75,509429.5313,2074917.75,10,15,99.0885190649898,18.7667161404393"
"99.0885181218661,18.7649085599661,385,477,509229.5313,2074917.75,509429.5313,2074717.75,11,15,99.0885181218661,18.7649085599661"
"99.0885171788501,18.7631009791437,386,478,509229.5313,2074717.75,509429.5313,2074517.75,12,15,99.0885171788501,18.7631009791437"
"99.0885162359418,18.7612933979722,387,479,509229.5313,2074517.75,509429.5313,2074317.75,13,15,99.0885162359418,18.7612933979722"
"99.0885152931412,18.7594858164517,388,480,509229.5313,2074317.75,509429.5313,2074117.75,14,15,99.0885152931412,18.7594858164517"
"99.0885143504481,18.7576782345821,389,481,509229.5313,2074117.75,509429.5313,2073917.75,15,15,99.0885143504481,18.7576782345821"
"99.0885134078628,18.7558706523636,390,482,509229.5313,2073917.75,509429.5313,2073717.75,16,15,99.0885134078628,18.7558706523636"
"99.0885124653851,18.7540630697961,391,483,509229.5313,2073717.75,509429.5313,2073517.75,17,15,99.0885124653851,18.7540630697961"
"99.088511523015,18.7522554868796,392,484,509229.5313,2073517.75,509429.5313,2073317.75,18,15,99.088511523015,18.7522554868796"
"99.0885105807525,18.7504479036141,393,485,509229.5313,2073317.75,509429.5313,2073117.75,19,15,99.0885105807525,18.7504479036141"
"99.0885096385977,18.7486403199999,394,486,509229.5313,2073117.75,509429.5313,2072917.75,20,15,99.0885096385977,18.7486403199999"
"99.0885086965505,18.7468327360367,395,487,509229.5313,2072917.75,509429.5313,2072717.75,21,15,99.0885086965505,18.7468327360367"
"99.0885077546109,18.7450251517247,396,488,509229.5313,2072717.75,509429.5313,2072517.75,22,15,99.0885077546109,18.7450251517247"
"99.0885068127789,18.7432175670639,397,489,509229.5313,2072517.75,509429.5313,2072317.75,23,15,99.0885068127789,18.7432175670639"
"99.0884090662155,18.7414925865879,398,490,509229.5313,2072317.75,509429.5313,2072117.75,24,15,99.0884090662155,18.7414925865879"
"99.087902407546,18.740096845237,399,491,509229.5313,2072117.75,509429.5313,2071917.75,25,15,99.087902407546,18.740096845237"
"99.0899133455694,18.7824011116816,400,498,509429.5313,2076917.75,509629.5313,2076717.75,1,16,99.0899133455694,18.7824011116816"
"99.0903955834441,18.7811468341735,401,499,509429.5313,2076717.75,509629.5313,2076517.75,2,16,99.0903955834441,18.7811468341735"
"99.0904234198509,18.7793682852574,402,500,509429.5313,2076517.75,509629.5313,2076317.75,3,16,99.0904234198509,18.7793682852574"
"99.0904224557394,18.7775607073226,403,501,509429.5313,2076317.75,509629.5313,2076117.75,4,16,99.0904224557394,18.7775607073226"
"99.0904214917378,18.7757531290384,404,502,509429.5313,2076117.75,509629.5313,2075917.75,5,16,99.0904214917378,18.7757531290384"
"99.0904205278463,18.773945550405,405,503,509429.5313,2075917.75,509629.5313,2075717.75,6,16,99.0904205278463,18.773945550405"
"99.0904195640647,18.7721379714224,406,504,509429.5313,2075717.75,509629.5313,2075517.75,7,16,99.0904195640647,18.7721379714224"
"99.0904186003932,18.7703303920905,407,505,509429.5313,2075517.75,509629.5313,2075317.75,8,16,99.0904186003932,18.7703303920905"
"99.0904176368316,18.7685228124093,408,506,509429.5313,2075317.75,509629.5313,2075117.75,9,16,99.0904176368316,18.7685228124093"
"99.09041667338,18.766715232379,409,507,509429.5313,2075117.75,509629.5313,2074917.75,10,16,99.09041667338,18.766715232379"
"99.0904157100385,18.7649076519996,410,508,509429.5313,2074917.75,509629.5313,2074717.75,11,16,99.0904157100385,18.7649076519996"
"99.0904147468068,18.763100071271,411,509,509429.5313,2074717.75,509629.5313,2074517.75,12,16,99.0904147468068,18.763100071271"
"99.0904137836852,18.7612924901934,412,510,509429.5313,2074517.75,509629.5313,2074317.75,13,16,99.0904137836852,18.7612924901934"
"99.0904128206735,18.7594849087667,413,511,509429.5313,2074317.75,509629.5313,2074117.75,14,16,99.0904128206735,18.7594849087667"
"99.0904118577718,18.7576773269909,414,512,509429.5313,2074117.75,509629.5313,2073917.75,15,16,99.0904118577718,18.7576773269909"
"99.09041089498,18.7558697448661,415,513,509429.5313,2073917.75,509629.5313,2073717.75,16,16,99.09041089498,18.7558697448661"
"99.0904099322982,18.7540621623924,416,514,509429.5313,2073717.75,509629.5313,2073517.75,17,16,99.0904099322982,18.7540621623924"
"99.0904089697263,18.7522545795697,417,515,509429.5313,2073517.75,509629.5313,2073317.75,18,16,99.0904089697263,18.7522545795697"
"99.0904080072644,18.7504469963981,418,516,509429.5313,2073317.75,509629.5313,2073117.75,19,16,99.0904080072644,18.7504469963981"
"99.0904070449124,18.7486394128776,419,517,509429.5313,2073117.75,509629.5313,2072917.75,20,16,99.0904070449124,18.7486394128776"
"99.0904060826703,18.7468318290082,420,518,509429.5313,2072917.75,509629.5313,2072717.75,21,16,99.0904060826703,18.7468318290082"
"99.0904051205381,18.74502424479,421,519,509429.5313,2072717.75,509629.5313,2072517.75,22,16,99.0904051205381,18.74502424479"
"99.090213550951,18.7433647663415,422,520,509429.5313,2072517.75,509629.5313,2072317.75,23,16,99.090213550951,18.7433647663415"
"99.0896770675172,18.7420500686961,423,521,509429.5313,2072317.75,509629.5313,2072117.75,24,16,99.0896770675172,18.7420500686961"
"99.0919977198806,18.7807302741748,424,530,509629.5313,2076717.75,509829.5313,2076517.75,2,17,99.0919977198806,18.7807302741748"
"99.0923211131185,18.7793673033057,425,531,509629.5313,2076517.75,509829.5313,2076317.75,3,17,99.0923211131185,18.7793673033057"
"99.0923201853758,18.7775597794276,426,532,509629.5313,2076317.75,509829.5313,2076117.75,4,17,99.0923201853758,18.7775597794276"
"99.0923192011424,18.7757522012393,427,533,509629.5313,2076117.75,509829.5313,2075917.75,5,17,99.0923192011424,18.7757522012393"
"99.0923182170214,18.7739446227017,428,534,509629.5313,2075917.75,509829.5313,2075717.75,6,17,99.0923182170214,18.7739446227017"
"99.0923172330127,18.7721370438148,429,535,509629.5313,2075717.75,509829.5313,2075517.75,7,17,99.0923172330127,18.7721370438148"
"99.0923162491163,18.7703294645787,430,536,509629.5313,2075517.75,509829.5313,2075317.75,8,17,99.0923162491163,18.7703294645787"
"99.0923152653322,18.7685218849934,431,537,509629.5313,2075317.75,509829.5313,2075117.75,9,17,99.0923152653322,18.7685218849934"
"99.0923142816604,18.7667143050589,432,538,509629.5313,2075117.75,509829.5313,2074917.75,10,17,99.0923142816604,18.7667143050589"
"99.0923132981008,18.7649067247753,433,539,509629.5313,2074917.75,509829.5313,2074717.75,11,17,99.0923132981008,18.7649067247753"
"99.0923123146536,18.7630991441425,434,540,509629.5313,2074717.75,509829.5313,2074517.75,12,17,99.0923123146536,18.7630991441425"
"99.0923113313186,18.7612915631606,435,541,509629.5313,2074517.75,509829.5313,2074317.75,13,17,99.0923113313186,18.7612915631606"
"99.0923103480959,18.7594839818297,436,542,509629.5313,2074317.75,509829.5313,2074117.75,14,17,99.0923103480959,18.7594839818297"
"99.0923093649855,18.7576764001498,437,543,509629.5313,2074117.75,509829.5313,2073917.75,15,17,99.0923093649855,18.7576764001498"
"99.0923083819873,18.7558688181208,438,544,509629.5313,2073917.75,509829.5313,2073717.75,16,17,99.0923083819873,18.7558688181208"
"99.0923073991014,18.7540612357428,439,545,509629.5313,2073717.75,509829.5313,2073517.75,17,17,99.0923073991014,18.7540612357428"
"99.0923064163278,18.7522536530159,440,546,509629.5313,2073517.75,509829.5313,2073317.75,18,17,99.0923064163278,18.7522536530159"
"99.0923054336663,18.7504460699401,441,547,509629.5313,2073317.75,509829.5313,2073117.75,19,17,99.0923054336663,18.7504460699401"
"99.0923044511172,18.7486384865154,442,548,509629.5313,2073117.75,509829.5313,2072917.75,20,17,99.0923044511172,18.7486384865154"
"99.0923025589871,18.7468317645291,443,549,509629.5313,2072917.75,509829.5313,2072717.75,21,17,99.0923025589871,18.7468317645291"
"99.0919749551206,18.7452406439567,444,550,509629.5313,2072717.75,509829.5313,2072517.75,22,17,99.0919749551206,18.7452406439567"
"99.0914517683222,18.7440032747506,445,551,509629.5313,2072517.75,509829.5313,2072317.75,23,17,99.0914517683222,18.7440032747506"
"99.0940170222407,18.7790833406347,446,562,509829.5313,2076517.75,510029.5313,2076317.75,3,18,99.0940170222407,18.7790833406347"
"99.0942179148999,18.7775588322608,447,563,509829.5313,2076317.75,510029.5313,2076117.75,4,18,99.0942179148999,18.7775588322608"
"99.0942169104348,18.7757512541703,448,564,509829.5313,2076117.75,510029.5313,2075917.75,5,18,99.0942169104348,18.7757512541703"
"99.0942159060842,18.7739436757305,449,565,509829.5313,2075917.75,510029.5313,2075717.75,6,18,99.0942159060842,18.7739436757305"
"99.0942149018484,18.7721360969415,450,566,509829.5313,2075717.75,510029.5313,2075517.75,7,18,99.0942149018484,18.7721360969415"
"99.0942138977271,18.7703285178032,451,567,509829.5313,2075517.75,510029.5313,2075317.75,8,18,99.0942138977271,18.7703285178032"
"99.0942128937204,18.7685209383156,452,568,509829.5313,2075317.75,510029.5313,2075117.75,9,18,99.0942128937204,18.7685209383156"
"99.0942118898284,18.7667133584789,453,569,509829.5313,2075117.75,510029.5313,2074917.75,10,18,99.0942118898284,18.7667133584789"
"99.0942108860509,18.7649057782931,454,570,509829.5313,2074917.75,510029.5313,2074717.75,11,18,99.0942108860509,18.7649057782931"
"99.094209882388,18.7630981977581,455,571,509829.5313,2074717.75,510029.5313,2074517.75,12,18,99.094209882388,18.7630981977581"
"99.0942088788398,18.761290616874,456,572,509829.5313,2074517.75,510029.5313,2074317.75,13,18,99.0942088788398,18.761290616874"
"99.0942078754061,18.7594830356409,457,573,509829.5313,2074317.75,510029.5313,2074117.75,14,18,99.0942078754061,18.7594830356409"
"99.0942068720869,18.7576754540587,458,574,509829.5313,2074117.75,510029.5313,2073917.75,15,18,99.0942068720869,18.7576754540587"
"99.0942058688824,18.7558678721275,459,575,509829.5313,2073917.75,510029.5313,2073717.75,16,18,99.0942058688824,18.7558678721275"
"99.0942048657924,18.7540602898474,460,576,509829.5313,2073717.75,510029.5313,2073517.75,17,18,99.0942048657924,18.7540602898474"
"99.0942038628169,18.7522527072182,461,577,509829.5313,2073517.75,510029.5313,2073317.75,18,18,99.0942038628169,18.7522527072182"
"99.0942028599561,18.7504451242402,462,578,509829.5313,2073317.75,510029.5313,2073117.75,19,18,99.0942028599561,18.7504451242402"
"99.0941733494018,18.7486634978245,463,579,509829.5313,2073117.75,510029.5313,2072917.75,20,18,99.0941733494018,18.7486634978245"
"99.0937359471217,18.7471612652032,464,580,509829.5313,2072917.75,510029.5313,2072717.75,21,18,99.0937359471217,18.7471612652032"
"99.0953469558235,18.7785940011049,465,593,510029.5313,2076517.75,510229.5313,2076317.75,3,19,99.0953469558235,18.7785940011049"
"99.0959933136121,18.7774171659441,466,594,510029.5313,2076317.75,510229.5313,2076117.75,4,19,99.0959933136121,18.7774171659441"
"99.0961146196124,18.7757502878316,467,595,510029.5313,2076117.75,510229.5313,2075917.75,5,19,99.0961146196124,18.7757502878316"
"99.0961135950325,18.7739427094916,468,596,510029.5313,2075917.75,510229.5313,2075717.75,6,19,99.0961135950325,18.7739427094916"
"99.0961125705694,18.7721351308023,469,597,510029.5313,2075717.75,510229.5313,2075517.75,7,19,99.0961125705694,18.7721351308023"
"99.0961115462233,18.7703275517638,470,598,510029.5313,2075517.75,510229.5313,2075317.75,8,19,99.0961115462233,18.7703275517638"
"99.0961105219941,18.768519972376,471,599,510029.5313,2075317.75,510229.5313,2075117.75,9,19,99.0961105219941,18.768519972376"
"99.0961094978818,18.7667123926391,472,600,510029.5313,2075117.75,510229.5313,2074917.75,10,19,99.0961094978818,18.7667123926391"
"99.0961084738864,18.7649048125531,473,601,510029.5313,2074917.75,510229.5313,2074717.75,11,19,99.0961084738864,18.7649048125531"
"99.0961074500079,18.7630972321179,474,602,510029.5313,2074717.75,510229.5313,2074517.75,12,19,99.0961074500079,18.7630972321179"
"99.0961064262463,18.7612896513336,475,603,510029.5313,2074517.75,510229.5313,2074317.75,13,19,99.0961064262463,18.7612896513336"
"99.0961054026016,18.7594820702002,476,604,510029.5313,2074317.75,510229.5313,2074117.75,14,19,99.0961054026016,18.7594820702002"
"99.0961043790738,18.7576744887178,477,605,510029.5313,2074117.75,510229.5313,2073917.75,15,19,99.0961043790738,18.7576744887178"
"99.0961033556629,18.7558669068864,478,606,510029.5313,2073917.75,510229.5313,2073717.75,16,19,99.0961033556629,18.7558669068864"
"99.0961023323688,18.754059324706,479,607,510029.5313,2073717.75,510229.5313,2073517.75,17,19,99.0961023323688,18.754059324706"
"99.0961013091916,18.7522517421766,480,608,510029.5313,2073517.75,510229.5313,2073317.75,18,19,99.0961013091916,18.7522517421766"
"99.0960121012076,18.75052001839,481,609,510029.5313,2073317.75,510229.5313,2073117.75,19,19,99.0960121012076,18.75052001839"
"99.0955107481049,18.7491144312673,482,610,510029.5313,2073117.75,510229.5313,2072917.75,20,19,99.0955107481049,18.7491144312673"
"99.0974312296567,18.7769231027457,483,625,510229.5313,2076317.75,510429.5313,2076117.75,4,20,99.0974312296567,18.7769231027457"
"99.0979624888666,18.7756976699558,484,626,510229.5313,2076117.75,510429.5313,2075917.75,5,20,99.0979624888666,18.7756976699558"
"99.0980112838638,18.7739417239848,485,627,510229.5313,2075917.75,510429.5313,2075717.75,6,20,99.0980112838638,18.7739417239848"
"99.0980102391736,18.7721341453973,486,628,510229.5313,2075717.75,510429.5313,2075517.75,7,20,99.0980102391736,18.7721341453973"
"99.0980091946026,18.7703265664606,487,629,510229.5313,2075517.75,510429.5313,2075317.75,8,20,99.0980091946026,18.7703265664606"
"99.0980081501508,18.7685189871746,488,630,510229.5313,2075317.75,510429.5313,2075117.75,9,20,99.0980081501508,18.7685189871746"
"99.0980071058183,18.7667114075395,489,631,510229.5313,2075117.75,510429.5313,2074917.75,10,20,99.0980071058183,18.7667114075395"
"99.098006061605,18.7649038275552,490,632,510229.5313,2074917.75,510429.5313,2074717.75,11,20,99.098006061605,18.7649038275552"
"99.0980050175109,18.7630962472218,491,633,510229.5313,2074717.75,510429.5313,2074517.75,12,20,99.0980050175109,18.7630962472218"
"99.098003973536,18.7612886665392,492,634,510229.5313,2074517.75,510429.5313,2074317.75,13,20,99.098003973536,18.7612886665392"
"99.0980029296803,18.7594810855076,493,635,510229.5313,2074317.75,510429.5313,2074117.75,14,20,99.0980029296803,18.7594810855076"
"99.0980018859438,18.757673504127,494,636,510229.5313,2074117.75,510429.5313,2073917.75,15,20,99.0980018859438,18.757673504127"
"99.0980008423265,18.7558659223973,495,637,510229.5313,2073917.75,510429.5313,2073717.75,16,20,99.0980008423265,18.7558659223973"
"99.0979997988283,18.7540583403187,496,638,510229.5313,2073717.75,510429.5313,2073517.75,17,20,99.0979997988283,18.7540583403187"
"99.097820565359,18.7523910676456,497,639,510229.5313,2073517.75,510429.5313,2073317.75,18,20,99.097820565359,18.7523910676456"
"99.0972855899424,18.7510675799077,498,640,510229.5313,2073317.75,510429.5313,2073117.75,19,20,99.0972855899424,18.7510675799077"
"99.0995154623744,18.7752521810287,499,657,510429.5313,2076117.75,510629.5313,2075917.75,5,21,99.0995154623744,18.7752521810287"
"99.0999038328462,18.7739357288913,500,658,510429.5313,2075917.75,510629.5313,2075717.75,6,21,99.0999038328462,18.7739357288913"
"99.0999079076585,18.7721331407266,501,659,510429.5313,2075717.75,510629.5313,2075517.75,7,21,99.0999079076585,18.7721331407266"
"99.0999068428627,18.7703255618936,502,660,510429.5313,2075517.75,510629.5313,2075317.75,8,21,99.0999068428627,18.7703255618936"
"99.0999057781884,18.7685179827114,503,661,510429.5313,2075317.75,510629.5313,2075117.75,9,21,99.0999057781884,18.7685179827114"
"99.0999047136356,18.76671040318,504,662,510429.5313,2075117.75,510629.5313,2074917.75,10,21,99.0999047136356,18.76671040318"
"99.0999036492044,18.7649028232995,505,663,510429.5313,2074917.75,510629.5313,2074717.75,11,21,99.0999036492044,18.7649028232995"
"99.0999025848947,18.7630952430698,506,664,510429.5313,2074717.75,510629.5313,2074517.75,12,21,99.0999025848947,18.7630952430698"
"99.0999015207065,18.761287662491,507,665,510429.5313,2074517.75,510629.5313,2074317.75,13,21,99.0999015207065,18.761287662491"
"99.0999004566398,18.7594800815632,508,666,510429.5313,2074317.75,510629.5313,2074117.75,14,21,99.0999004566398,18.7594800815632"
"99.0998993926946,18.7576725002863,509,667,510429.5313,2074117.75,510629.5313,2073917.75,15,21,99.0998993926946,18.7576725002863"
"99.0998981479339,18.7558650907191,510,668,510429.5313,2073917.75,510629.5313,2073717.75,16,21,99.0998981479339,18.7558650907191"
"99.0995872560601,18.754266364827,511,669,510429.5313,2073717.75,510629.5313,2073517.75,17,21,99.0995872560601,18.754266364827"
"99.0990604726397,18.7530207111185,512,670,510429.5313,2073517.75,510629.5313,2073317.75,18,21,99.0990604726397,18.7530207111185"
"99.1014151084735,18.7736200243155,513,689,510629.5313,2075917.75,510829.5313,2075717.75,6,22,99.1014151084735,18.7736200243155"
"99.101792861011,18.7721203811107,514,690,510629.5313,2075717.75,510829.5313,2075517.75,7,22,99.101792861011,18.7721203811107"
"99.1018044910012,18.7703245380628,515,691,510629.5313,2075517.75,510829.5313,2075317.75,8,22,99.1018044910012,18.7703245380628"
"99.1018034061044,18.7685169589864,516,692,510629.5313,2075317.75,510829.5313,2075117.75,9,22,99.1018034061044,18.7685169589864"
"99.1018023213314,18.7667093795607,517,693,510629.5313,2075117.75,510829.5313,2074917.75,10,22,99.1018023213314,18.7667093795607"
"99.1018012366823,18.764901799786,518,694,510629.5313,2074917.75,510829.5313,2074717.75,11,22,99.1018012366823,18.764901799786"
"99.101800152157,18.763094219662,519,695,510629.5313,2074717.75,510829.5313,2074517.75,12,22,99.101800152157,18.763094219662"
"99.1017990677555,18.761286639189,520,696,510629.5313,2074517.75,510829.5313,2074317.75,13,22,99.1017990677555,18.761286639189"
"99.1017979834778,18.7594790583669,521,697,510629.5313,2074317.75,510829.5313,2074117.75,14,22,99.1017979834778,18.7594790583669"
"99.1017968993239,18.7576714771957,522,698,510629.5313,2074117.75,510829.5313,2073917.75,15,22,99.1017968993239,18.7576714771957"
"99.1018224751683,18.7558992489069,523,699,510629.5313,2073917.75,510829.5313,2073717.75,16,22,99.1018224751683,18.7558992489069"
"99.1023900788318,18.754753660295,524,700,510629.5313,2073717.75,510829.5313,2073517.75,17,22,99.1023900788318,18.754753660295"
"99.103158004186,18.7717139836628,525,721,510829.5313,2075717.75,511029.5313,2075517.75,7,23,99.103158004186,18.7717139836628"
"99.1036372260599,18.7702669220356,526,722,510829.5313,2075517.75,511029.5313,2075317.75,8,23,99.1036372260599,18.7702669220356"
"99.1037010338966,18.7685159159995,527,723,510829.5313,2075317.75,511029.5313,2075117.75,9,23,99.1037010338966,18.7685159159995"
"99.1036999289034,18.7667083366816,528,724,510829.5313,2075117.75,511029.5313,2074917.75,10,23,99.1036999289034,18.7667083366816"
"99.1036988240363,18.7649007570146,529,725,510829.5313,2074917.75,511029.5313,2074717.75,11,23,99.1036988240363,18.7649007570146"
"99.1036977192954,18.7630931769984,530,726,510829.5313,2074717.75,511029.5313,2074517.75,12,23,99.1036977192954,18.7630931769984"
"99.1036966146807,18.7612855966331,531,727,510829.5313,2074517.75,511029.5313,2074317.75,13,23,99.1036966146807,18.7612855966331"
"99.103695510192,18.7594780159187,532,728,510829.5313,2074317.75,511029.5313,2074117.75,14,23,99.103695510192,18.7594780159187"
"99.1036944058294,18.7576704348553,533,729,510829.5313,2074117.75,511029.5313,2073917.75,15,23,99.1036944058294,18.7576704348553"
"99.103693301593,18.7558628534429,534,730,510829.5313,2073917.75,511029.5313,2073717.75,16,23,99.103693301593,18.7558628534429"
"99.1038416236312,18.7543299674305,535,731,510829.5313,2073717.75,511029.5313,2073517.75,17,23,99.1038416236312,18.7543299674305"
"99.104922162524,18.7697460928023,536,753,511029.5313,2075517.75,511229.5313,2075317.75,8,24,99.104922162524,18.7697460928023"
"99.105446162004,18.7683933268041,537,754,511029.5313,2075317.75,511229.5313,2075117.75,9,24,99.105446162004,18.7683933268041"
"99.1055975363492,18.7667072745427,538,755,511029.5313,2075117.75,511229.5313,2074917.75,10,24,99.1055975363492,18.7667072745427"
"99.1055964112643,18.7648996949854,539,756,511029.5313,2074917.75,511229.5313,2074717.75,11,24,99.1055964112643,18.7648996949854"
"99.1055952863078,18.763092115079,540,757,511029.5313,2074717.75,511229.5313,2074517.75,12,24,99.1055952863078,18.763092115079"
"99.1055941614797,18.7612845348234,541,758,511029.5313,2074517.75,511229.5313,2074317.75,13,24,99.1055941614797,18.7612845348234"
"99.1055930367801,18.7594769542187,542,759,511029.5313,2074317.75,511229.5313,2074117.75,14,24,99.1055930367801,18.7594769542187"
"99.1055919122089,18.757669373265,543,760,511029.5313,2074117.75,511229.5313,2073917.75,15,24,99.1055919122089,18.757669373265"
"99.105590787766,18.7558617919623,544,761,511029.5313,2073917.75,511229.5313,2073717.75,16,24,99.105590787766,18.7558617919623"
"99.1055730389279,18.7541204958594,545,762,511029.5313,2073717.75,511229.5313,2073517.75,17,24,99.1055730389279,18.7541204958594"
"99.1066862799598,18.76777818508,546,785,511229.5313,2075317.75,511429.5313,2075117.75,9,25,99.1066862799598,18.76777818508"
"99.1072140468737,18.7665111284624,547,786,511229.5313,2075117.75,511429.5313,2074917.75,10,25,99.1072140468737,18.7665111284624"
"99.1074939983637,18.7648986136984,548,787,511229.5313,2074917.75,511429.5313,2074717.75,11,25,99.1074939983637,18.7648986136984"
"99.1074928531917,18.7630910339037,549,788,511229.5313,2074717.75,511429.5313,2074517.75,12,25,99.1074928531917,18.7630910339037"
"99.1074917081503,18.7612834537598,550,789,511229.5313,2074517.75,511429.5313,2074317.75,13,25,99.1074917081503,18.7612834537598"
"99.1074905632397,18.7594758732669,551,790,511229.5313,2074317.75,511429.5313,2074117.75,14,25,99.1074905632397,18.7594758732669"
"99.1074894184598,18.7576682924249,552,791,511229.5313,2074117.75,511429.5313,2073917.75,15,25,99.1074894184598,18.7576682924249"
"99.1074882738107,18.7558607112339,553,792,511229.5313,2073917.75,511429.5313,2073717.75,16,25,99.1074882738107,18.7558607112339"
"99.1074681659861,18.7542090268513,554,793,511229.5313,2073717.75,511429.5313,2073517.75,17,25,99.1074681659861,18.7542090268513"
"99.108508198408,18.7658398023043,555,817,511429.5313,2075117.75,511629.5313,2074917.75,10,26,99.108508198408,18.7658398023043"
"99.1092658930631,18.7647094208719,556,818,511429.5313,2074917.75,511629.5313,2074717.75,11,26,99.1092658930631,18.7647094208719"
"99.1093904199448,18.7630899334726,557,819,511429.5313,2074717.75,511629.5313,2074517.75,12,26,99.1093904199448,18.7630899334726"
"99.1093892546902,18.7612823534424,558,820,511429.5313,2074517.75,511629.5313,2074317.75,13,26,99.1093892546902,18.7612823534424"
"99.1093880895687,18.7594747730632,559,821,511429.5313,2074317.75,511629.5313,2074117.75,14,26,99.1093880895687,18.7594747730632"
"99.1093869245801,18.7576671923349,560,822,511429.5313,2074117.75,511629.5313,2073917.75,15,26,99.1093869245801,18.7576671923349"
"99.1093857597246,18.7558596112576,561,823,511429.5313,2073917.75,511629.5313,2073717.75,16,26,99.1093857597246,18.7558596112576"
"99.1093534011392,18.7543037300694,562,824,511429.5313,2073717.75,511629.5313,2073517.75,17,26,99.1093534011392,18.7543037300694"
"99.1108001967825,18.7642626541386,563,849,511629.5313,2074917.75,511829.5313,2074717.75,11,27,99.1108001967825,18.7642626541386"
"99.1112698344273,18.7630700700674,564,850,511629.5313,2074717.75,511829.5313,2074517.75,12,27,99.1112698344273,18.7630700700674"
"99.1112868010971,18.7612812338712,565,851,511629.5313,2074517.75,511829.5313,2074317.75,13,27,99.1112868010971,18.7612812338712"
"99.1112856157645,18.7594736536077,566,852,511629.5313,2074317.75,511829.5313,2074117.75,14,27,99.1112856157645,18.7594736536077"
"99.1112844305674,18.7576660729951,567,853,511629.5313,2074117.75,511829.5313,2073917.75,15,27,99.1112844305674,18.7576660729951"
"99.1112820641648,18.7558596377861,568,854,511629.5313,2073917.75,511829.5313,2073717.75,16,27,99.1112820641648,18.7558596377861"
"99.1109253827609,18.7546025492193,569,855,511629.5313,2073717.75,511829.5313,2073517.75,17,27,99.1109253827609,18.7546025492193"
"99.1131328087039,18.7627720783346,570,881,511829.5313,2074717.75,512029.5313,2074517.75,12,28,99.1131328087039,18.7627720783346"
"99.1131843473686,18.7612800950462,571,882,511829.5313,2074517.75,512029.5313,2074317.75,13,28,99.1131843473686,18.7612800950462"
"99.1131831418251,18.7594725149003,572,883,511829.5313,2074317.75,512029.5313,2074117.75,14,28,99.1131831418251,18.7594725149003"
"99.1131819364193,18.7576649344054,573,884,511829.5313,2074117.75,512029.5313,2073917.75,15,28,99.1131819364193,18.7576649344054"
"99.113028161728,18.7561308967319,574,885,511829.5313,2073917.75,512029.5313,2073717.75,16,28,99.113028161728,18.7561308967319"
"99.1150666353395,18.7626822788489,575,912,512029.5313,2074717.75,512229.5313,2074517.75,12,29,99.1150666353395,18.7626822788489"
"99.1150818935024,18.7612789369673,576,913,512029.5313,2074517.75,512229.5313,2074317.75,13,29,99.1150818935024,18.7612789369673"
"99.115080667748,18.7594713569411,577,914,512029.5313,2074317.75,512229.5313,2074117.75,14,29,99.115080667748,18.7594713569411"
"99.1150320570654,18.757716583325,578,915,512029.5313,2074117.75,512229.5313,2073917.75,15,29,99.1150320570654,18.757716583325"
"99.114468440007,18.7565587847944,579,916,512029.5313,2073917.75,512229.5313,2073717.75,16,29,99.114468440007,18.7565587847944"
"99.1169623103302,18.7626299895318,580,943,512229.5313,2074717.75,512429.5313,2074517.75,12,30,99.1169623103302,18.7626299895318"
"99.1169794394963,18.7612777596346,581,944,512229.5313,2074517.75,512429.5313,2074317.75,13,30,99.1169794394963,18.7612777596346"
"99.1169781935309,18.7594701797301,582,945,512229.5313,2074317.75,512429.5313,2074117.75,14,30,99.1169781935309,18.7594701797301"
"99.1167281914823,18.7581337065504,583,946,512229.5313,2074117.75,512429.5313,2073917.75,15,30,99.1167281914823,18.7581337065504"
"99.1196205470935,18.7642419301898,584,973,512429.5313,2074917.75,512629.5313,2074717.75,11,31,99.1196205470935,18.7642419301898"
"99.1190376924002,18.762921025571,585,974,512429.5313,2074717.75,512629.5313,2074517.75,12,31,99.1190376924002,18.762921025571"
"99.1188769853479,18.7612765630482,586,975,512429.5313,2074517.75,512629.5313,2074317.75,13,31,99.1188769853479,18.7612765630482"
"99.1187532086008,18.7596455632833,587,976,512429.5313,2074317.75,512629.5313,2074117.75,14,31,99.1187532086008,18.7596455632833"
"99.1180115786555,18.7585149524117,588,977,512429.5313,2074117.75,512629.5313,2073917.75,15,31,99.1180115786555,18.7585149524117"
"99.1213630835086,18.7661865058621,589,1003,512629.5313,2075117.75,512829.5313,2074917.75,10,32,99.1213630835086,18.7661865058621"
"99.1208759887089,18.7648077863314,590,1004,512629.5313,2074917.75,512829.5313,2074717.75,11,32,99.1208759887089,18.7648077863314"
"99.1207758175889,18.7630829265141,591,1005,512629.5313,2074717.75,512829.5313,2074517.75,12,32,99.1207758175889,18.7630829265141"
"99.1207569529178,18.7612934665194,592,1006,512629.5313,2074517.75,512829.5313,2074317.75,13,32,99.1207569529178,18.7612934665194"
"99.1202895073064,18.7600952126327,593,1007,512629.5313,2074317.75,512829.5313,2074117.75,14,32,99.1202895073064,18.7600952126327"
"99.1226390232003,18.7662349654219,594,1034,512829.5313,2075117.75,513029.5313,2074917.75,10,33,99.1226390232003,18.7662349654219"
"99.1226746902588,18.7648892701218,595,1035,512829.5313,2074917.75,513029.5313,2074717.75,11,33,99.1226746902588,18.7648892701218"
"99.1226733833623,18.7630816912924,596,1036,512829.5313,2074717.75,513029.5313,2074517.75,12,33,99.1226733833623,18.7630816912924"
"99.1224827844785,18.7616502883432,597,1037,512829.5313,2074517.75,513029.5313,2074317.75,13,33,99.1224827844785,18.7616502883432"
"99.1245254997552,18.7661323823631,598,1065,513029.5313,2075117.75,513229.5313,2074917.75,10,34,99.1245254997552,18.7661323823631"
"99.1245722760984,18.7648880155147,599,1066,513029.5313,2074917.75,513229.5313,2074717.75,11,34,99.1245722760984,18.7648880155147"
"99.124486152216,18.763185533639,600,1067,513029.5313,2074717.75,513229.5313,2074517.75,12,34,99.124486152216,18.763185533639"
"99.1238327864518,18.7620512684472,601,1068,513029.5313,2074517.75,513229.5313,2074317.75,13,34,99.1238327864518,18.7620512684472"
"99.1264024314386,18.7660302993289,602,1096,513229.5313,2075117.75,513429.5313,2074917.75,10,35,99.1264024314386,18.7660302993289"
"99.1264686201734,18.764887946538,603,1097,513229.5313,2074917.75,513429.5313,2074717.75,11,35,99.1264686201734,18.764887946538"
"99.1261108165411,18.7636314565843,604,1098,513229.5313,2074717.75,513429.5313,2074517.75,12,35,99.1261108165411,18.7636314565843"
"99.1284085323009,18.7659660759357,605,1127,513429.5313,2075117.75,513629.5313,2074917.75,10,36,99.1284085323009,18.7659660759357"
"99.1282146494146,18.7651598698093,606,1128,513429.5313,2074917.75,513629.5313,2074717.75,11,36,99.1282146494146,18.7651598698093"
"99.1302291879903,18.7664049350863,607,1158,513629.5313,2075117.75,513829.5313,2074917.75,10,37,99.1302291879903,18.7664049350863"
"99.1296542361892,18.7655874005311,608,1159,513629.5313,2074917.75,513829.5313,2074717.75,11,37,99.1296542361892,18.7655874005311"
"99.1315434492255,18.7667184712663,609,1189,513829.5313,2075117.75,514029.5313,2074917.75,10,38,99.1315434492255,18.7667184712663"
